2024-12-29 11:41:45 +0000,2024-12-29 11:41:45 +0000,71
2024-12-29 11:41:52 +0000,2024-12-29 11:41:52 +0000,67
2024-12-29 11:41:54 +0000,2024-12-29 11:41:54 +0000,68
2024-12-29 11:42:00 +0000,2024-12-29 11:42:00 +0000,73
2024-12-29 11:42:07 +0000,2024-12-29 11:42:07 +0000,81
2024-12-29 11:42:13 +0000,2024-12-29 11:42:13 +0000,86
2024-12-29 11:42:14 +0000,2024-12-29 11:42:14 +0000,87
2024-12-29 11:42:23 +0000,2024-12-29 11:42:23 +0000,77
2024-12-29 11:42:28 +0000,2024-12-29 11:42:28 +0000,75
2024-12-29 11:42:32 +0000,2024-12-29 11:42:32 +0000,76
2024-12-29 11:42:38 +0000,2024-12-29 11:42:38 +0000,77
2024-12-29 11:42:39 +0000,2024-12-29 11:42:39 +0000,77
